time,block_vs_torch,V_study_7,V_loop_7,Q_study_7,Q_loop_7,V3_7,V4_7,Q4_7,V_study_9,V_loop_9,Q_study_9,Q_loop_9,V3_9,V4_9,Q4_9,V_study_10,V_loop_10,Q_study_10,Q_loop_10,V3_10,V4_10,Q4_10,V_study_11,V_loop_11,Q_study_11,Q_loop_11,V3_11,V4_11,Q4_11
06:00,1.7827749252408154e-06,1.015387,1.0149974329144833,-1.2647376e-07,0.0002964162462949,1.0222915410995483,1.1147888898849487,0.2918374538421631,1.0150813,1.0146956598996877,-1.1546958e-07,0.0001148167532682,1.0282211303710938,1.1461584568023682,0.3508069515228271,1.014807,1.0144039001264518,-1.6633204e-07,4.4612492099404336e-05,1.0155527591705322,1.1435201168060305,0.2082285434007644,1.0147729,1.0143650176693473,-1.2206584e-07,-3.580432548828125,1.0117623805999756,1.172194004058838,0.2701210379600525
06:15,1.3634562492925717e-07,1.0108271,1.0102979235631149,3.4179947e-11,-8.46192029118538e-05,1.0274604558944702,1.1245386600494385,0.2441591918468475,1.010487,1.0099575861881032,3.384605e-11,3.189857572317124e-05,1.0296804904937744,1.1701668500900269,0.2434885054826736,1.0101781,1.009619506874927,2.1090045e-11,1.1229918897151946e-05,1.0269825458526611,1.1254384517669678,0.2365844249725341,1.0101407,1.0095724849647096,3.4457683e-11,-0.0052633253002166,1.0279799699783323,1.1754673719406128,0.2315749228000641
06:30,0.0001110282540321,1.0102139,1.009596750959571,8.4265823e-11,-3.39033056050539e-05,1.0285937786102295,1.1380435228347778,0.2083396464586258,1.0098221,1.0092054813257625,8.327379e-11,1.3008719459176064e-05,1.029722809791565,1.1682217121124268,0.2451411634683609,1.0095396,1.0088896638442866,8.003349e-11,-0.0154341548538208,1.027976393699646,1.12707781791687,0.209609717130661,1.0095106,1.008857064774448,8.5073455e-11,0.0029256062555313,1.028348088264465,1.1758965253829956,0.2257730215787887
06:45,0.0021587854623794,1.0091565,1.0087860666272437,1.1561815e-10,-0.0128898642730712,1.02884042263031,1.1396911144256592,0.2060434818267822,1.0087304,1.0083563473692412,1.2256124e-10,-0.0030206558418273,1.029732584953308,1.166343331336975,0.2467763572931289,1.0084553,1.008063360789383,1.139374e-10,0.0014999746704101,1.0281243324279783,1.1272624731063845,0.1872568875551223,1.0084301,1.0080344087614426,1.2005422e-10,-0.0004921839082241,1.0284117460250854,1.1759392023086548,0.2227804362773895
07:00,0.000843939166516,1.0041548,1.0037114717720572,1.6735476e-10,-0.0014346821665763,1.0290673971176147,1.1397544145584106,0.2216392010450363,1.0037066,1.0032710600047816,1.6840522e-10,0.0004915242815017,1.0297527313232422,1.1676703691482544,0.2229875326156616,1.0033623,1.0029092438617837,1.6482136e-10,-0.0002074609404802,1.0285223722457886,1.127856969833374,0.195302665233612,1.0033247,1.0028678796145456,1.713438e-10,7.96313188970089e-05,1.028584361076355,1.1761493682861328,0.2154549062252044
07:15,2.881139516686116e-07,1.0089543,1.0084815053276437,4.166304e-11,0.0002033134520053,1.0291587114334106,1.141459345817566,0.2058739364147186,1.0084597,1.0079954351225942,4.3434284e-11,8.7237536162138e-05,1.029780626296997,1.165159821510315,0.2229004353284835,1.008232,1.0077486215525315,4.482854e-11,3.675885692238807e-05,1.0289641618728638,1.1300939321517944,0.1026340126991272,1.0082186,1.0077311954502426,4.4045465e-11,1.8116327598690987e-05,1.0286056995391846,1.175774097442627,0.2188391089439392
07:30,5.960464477539064e-08,1.0079515,1.0074101650067888,1.1072052e-10,-4.080619394779205e-05,1.0291907787322998,1.140913963317871,0.2142106741666793,1.007444,1.0069088723741169,1.1269594e-10,-1.5495851002633572e-05,1.029752492904663,1.1663004159927368,0.1986718624830246,1.0072187,1.0066588061099733,1.1908333e-10,0.0030269318008422,1.0288429260253906,1.1344587802886963,0.1151483878493309,1.0072074,1.006643448297366,1.1861312e-10,-0.0027940942859649,1.0284277200698853,1.1755515336990356,0.2163098454475402
07:45,0.0004302555322647,1.0090662,1.0085918584457438,7.4809124e-11,4.423410817980766e-06,1.0292342901229858,1.1422189474105835,0.2059383541345596,1.0085288,1.0080630178322136,7.5223855e-11,-0.0029805964088439,1.0297884941101074,1.16768479347229,0.175538957118988,1.008324,1.007839025534264,7.8275206e-11,0.0023913702726364,1.028960108757019,1.13695228099823,0.1064117699861526,1.0083174,1.0078282191189338,7.7140155e-11,-0.0006484363126754,1.028504490852356,1.1751641035079956,0.2134026736021042
08:00,3.1349062919738824e-06,1.0089754,1.008500865172609,8.622965e-11,0.0026188120365142,1.0292657613754272,1.1439874172210691,0.2057932317256927,1.0084325,1.0079666584538547,8.838015e-11,-0.0009675997567176,1.0298200845718384,1.1690125465393066,0.1532992124557495,1.0082392,1.0077539998610818,9.346013e-11,-0.0003575560569763,1.0290446281433103,1.141181468963623,0.1090411841869354,1.0082343,1.0077450047696563,8.92619e-11,-0.0001440759178996,1.0285316705703735,1.1743370294570925,0.2092637866735458
08:15,6.735324859508118e-07,1.0271928,1.0267462481910186,-1.8403568e-07,0.0004087274324893,1.0296019315719604,1.148759841918945,0.1656510531902313,1.0264833,1.0260452891869374,-1.8967698e-07,-0.000118231716454,1.029902458190918,1.160192608833313,0.3752046823501587,1.0266882,1.0262295970456403,-1.9282962e-07,-4.625860646367073e-05,1.0293279886245728,1.143338918685913,0.0072026387788355,1.0267714,1.0263084558432651,-1.9595836e-07,-1.952115084975958e-05,1.0297317504882812,1.178461670875549,0.379754900932312
08:30,2.969056367985168e-07,1.0277846,1.0273322687974489,1.7758627e-07,-8.018029108643532e-05,1.0295648574829102,1.1522036790847778,0.2092314809560775,1.0270526,1.0266091562133492,1.7410922e-07,2.578147515654564e-05,1.0298314094543457,1.1565953493118286,0.3997921645641327,1.0272819,1.026816788334902,1.9696631e-07,1.25480917096138e-05,1.029502511024475,1.1337467432022097,0.0061746332794427,1.0273622,1.0268925746076922,1.8140787e-07,-0.0030232641792297,1.0295692682266235,1.1786823272705078,0.411323070526123
08:45,2.6764422655117803e-05,1.0316904,1.0312797231846724,-2.929424,-2.295399604492187,1.0297728776931765,1.1591901779174805,0.239303708076477,1.0309392,1.0305363158548977,-2.715703,-1.7270828564453125,1.0298678874969482,1.159314513206482,0.3992854654788971,1.031258,1.03083327501358,-0.06552654,-0.0413095323181152,1.0297751426696775,1.11699640750885,0.0043993117287755,1.0313538,1.0309250585234195,-3.447316,-2.49186978515625,1.0298466682434082,1.178923726081848,0.4164520800113678
09:00,0.0002848625183105,1.0341729,1.0337650366563296,-7.4150085,-6.57247982421875,1.0298748016357422,1.1619577407836914,0.274642676115036,1.0334175,1.0330179534286452,-9.908189,-8.6152230859375,1.0299383401870728,1.151032328605652,0.4165749847888946,1.0338054,1.0333827633906505,-0.23798876,-0.1940316900634765,1.0299203395843506,1.1051229238510132,0.0051674279384315,1.0339136,1.0334865611662265,-9.163284,-8.16783744140625,1.029920220375061,1.1790167093276978,0.419249415397644
09:15,5.210238200881179e-07,1.0074077,1.0069303649386396,-1.4970543e-05,0.000672458590269,1.0281760692596436,1.1442664861679075,0.2526941299438476,1.0068715,1.006402679144209,-1.9959307e-05,0.0002672700738906,1.0284541845321655,1.1715303659439087,0.117124855518341,1.0066602,1.0061721310036666,-1.6571042e-07,-0.0001074510869383,1.026673436164856,1.1538676023483276,0.2385421991348266,1.00665,1.006157810479466,-5.70638e-07,4.445358127355576e-05,1.0270851850509644,1.1585609912872314,0.2281577438116073
09:30,5.960464477539064e-08,1.0187721,1.018301241992991,-3.3356906e-09,0.0001436588048934,1.0286903381347656,1.1396305561065674,0.1878561079502105,1.0181535,1.0176906277577693,-4.340727e-09,4.9867780208587646e-05,1.0291134119033811,1.165766954421997,0.0795832425355911,1.0181684,1.0176853278771854,-4.1132261e-10,1.314385913312435e-05,1.0289729833602903,1.1409006118774414,0.1088803261518478,1.0182034,1.017715649504649,-3.8066172e-10,-0.8414039379882812,1.0288642644882202,1.156444787979126,0.206550195813179
09:45,0.0001197803020477,1.0185617,1.018105450032502,1.5571823e-10,3.5767109468579294e-05,1.0280907154083252,1.1398857831954956,0.1884254515171051,1.0179329,1.0174852855984593,1.6529429e-10,-1.3315222039818764e-05,1.0284212827682495,1.168900489807129,0.0682723000645637,1.0179588,1.017491871635575,1.7400999e-10,-0.0485895600891113,1.0290648937225342,1.1469054222106934,0.1384591907262802,1.0179964,1.0175254896598622,1.5753585e-10,-0.0024370103549957,1.0287823677062988,1.1550111770629885,0.1906889677047729
10:00,7.132291793832124e-06,1.0203142,1.019763784581092,-1.9353866e-10,1.2467490881681445e-05,1.0275856256484983,1.1372591257095337,0.190893068909645,1.0196916,1.019145885931308,-2.0801871e-10,0.0054195182037353,1.026698112487793,1.1679415702819824,0.0634951591491699,1.0197337,1.0191688146005886,-2.111019e-10,-0.0029510386037826,1.0290743112564087,1.143254041671753,0.1527651101350784,1.0197768,1.0192079207418236,-2.0043035e-10,-0.0013957777309417,1.0289372205734253,1.151643991470337,0.169039249420166
10:15,0.0005678912100068,1.0187831,1.0183290827420384,-2.1676215e-10,-0.003046591720581,1.0257564783096311,1.1341993808746338,0.2099676579236984,1.0182114,1.017765859586406,-2.363281e-10,-0.0018094613838195,1.0233170986175537,1.167266845703125,0.0804078876972198,1.0182129,1.0177484314963865,-2.377883e-10,-0.000513157479763,1.028639793395996,1.1369853019714355,0.1935892552137375,1.0182494,1.017780752495996,-2.3691155e-10,-0.0002492319405078,1.0286740064620972,1.140476107597351,0.1652059555053711
10:30,4.76241111754816e-07,1.0186069,1.0181560876610949,4.409653e-06,-0.0007693259763717,1.023845672607422,1.1298216581344604,0.2050754129886627,1.0180482,1.0176057777656755,4.7483254e-06,-0.0003918855810165,1.0188977718353271,1.1631890535354614,0.0921605378389358,1.0180138,1.0175524994115512,4.665268e-06,-0.0001261308401823,1.0284329652786257,1.1333751678466797,0.2265229225158691,1.018041,1.0175756160189922,4.6226082e-06,-4.182794272899627e-05,1.0275813341140747,1.1275418996810913,0.163812980055809
10:45,6.258487700305794e-08,1.0257157,1.0252838091441925,-2.6074278,-2.1147648095703127,1.0235557556152344,1.1273070573806765,0.1562744081020355,1.0251065,1.0246817613842092,-2.8546698,-2.7627133984375,1.0181182622909546,1.162631273269653,0.074808582663536,1.0252206,1.0247766258663085,7.981999e-09,-3.8394338637590414e-05,1.0291277170181274,1.1282005310058594,0.1728945970535278,1.0252775,1.0248293533862876,7.673452e-09,-1.289933990687132e-05,1.0288788080215454,1.1364624500274658,0.1107097491621971
11:00,1.5079975126952585e-07,1.0256702,1.0252354149820455,-3.9387002,-3.6438337109375,1.0220390558242798,1.1270620822906494,0.1470163166522979,1.025065,1.024637766714308,-3.7596345,-3.721067958984375,1.0161995887756348,1.1636868715286257,0.0798861309885978,1.025169,1.0247226019056968,3.3196968e-06,-1.1213507484644652e-05,1.029047966003418,1.1277673244476318,0.2040391117334365,1.0252277,1.024777136574274,3.456107e-06,0.0022721551036834,1.0288817882537842,1.140613675117493,0.1075173169374466
11:15,1.606464385986439e-05,1.0123873,1.0118947818095985,-1.0797811e-05,1.3718805089592937e-05,1.0145803689956665,1.1260732412338257,0.1612508296966552,1.0118446,1.011359908285978,-1.8950615,-1.688648203125,1.009730577468872,1.1412029266357422,0.1650479137897491,1.0116708,1.0111668861239107,2.9094792e-07,-0.0027653521156311,1.0274957418441772,1.1285191774368286,0.3049976527690887,1.0116692,1.011161080381504,2.9338813e-07,0.0012633386230468,1.025862455368042,1.1131515502929688,0.2035373300313949
11:30,0.0012512439489364,1.0491836,1.048504494548908,-44.421257,-42.185373671875,1.0299361944198608,1.105089545249939,0.2098545730113983,1.0482876,1.0476259233479934,-17.785597,-16.540235742187498,1.0297595262527466,1.165297508239746,0.1541807204484939,1.0489653,1.0482648652592923,-7.085748,-6.328419296875,1.029991626739502,1.1250178813934326,0.0404512509703636,1.0491366,1.0484284477213854,-26.228346,-24.3799359375,1.0299969911575315,1.1787033081054688,0.2417668849229812
11:45,8.616447448706044e-06,1.0455728,1.0450209111854647,-70.5681,-66.48338062500001,1.029996037483215,1.094996452331543,0.35226571559906,1.0447532,1.044211454883086,-40.17174,-38.68734164062499,1.0299866199493408,1.15948486328125,0.4312107861042022,1.0454037,1.044822614362526,-35.044533,-33.27026703125,1.0299981832504272,1.1711465120315552,0.3877384960651397,1.0455772,1.0449875921815697,-36.97651,-35.583926171875,1.0299943685531616,1.178248643875122,0.4306332170963287
12:00,4.552602767937675e-06,1.0451331,1.0446134613418177,-76.0677,-71.41697796875,1.0299938917160034,1.086012601852417,0.3361974656581878,1.0443572,1.0438442079891102,-41.490623,-39.8413340625,1.0299915075302124,1.153722643852234,0.4369286000728607,1.0450045,1.044451665439181,-35.56426,-33.843648515625,1.0299984216690063,1.1719603538513184,0.4083321690559387,1.0451778,1.044616391164842,-36.376724,-34.96147921875,1.0299932956695557,1.1778634786605835,0.4342735707759857
12:15,9.15527343769984e-07,1.0446178,1.0441275299397732,-75.416824,-70.1538846875,1.0299891233444214,1.0844368934631348,0.3320575356483459,1.0438551,1.043368858550344,-41.17843,-39.601206953125,1.029990315437317,1.1502087116241455,0.4373967945575714,1.0444938,1.0439696302039811,-34.17926,-32.568856875,1.0299975872039795,1.17336106300354,0.4107667505741119,1.0446655,1.0441331722754692,-35.21339,-33.440946875,1.029987096786499,1.1774768829345703,0.4338620901107788
12:30,2.1468400955182432e-05,1.0438488,1.04331383776706,-68.66155,-63.4276546875,1.0299782752990725,1.0866345167160034,0.3303433954715729,1.0430909,1.0425562742632355,-40.971317,-39.252915546875,1.0299841165542605,1.1441645622253418,0.4369234442710876,1.0437366,1.0431575729286138,-33.223164,-31.763528750000003,1.029998540878296,1.1742098331451416,0.4262603223323822,1.043911,1.0433232267897803,-33.719345,-32.335597890625,1.029989242553711,1.176979660987854,0.4368320405483246
12:45,0.0004632747173309,1.0434687,1.042987477338123,-60.552937,-56.16471078125,1.0299514532089231,1.0913325548171997,0.3243269920349121,1.042699,1.0422219245147273,-41.38182,-39.500000390625,1.0299687385559082,1.1402860879898071,0.4364782273769378,1.0433061,1.0427921714299255,-31.955435,-30.607715234375,1.0299965143203735,1.1751737594604492,0.4261428713798523,1.0434676,1.0429459728948725,-32.613304,-31.32273734375,1.029962182044983,1.1761118173599243,0.4327850043773651
13:00,5.254900488305125e-06,1.0432162,1.0427529914073883,-68.629745,-63.704154531250005,1.0299564599990845,1.0869547128677368,0.3484084904193878,1.0424193,1.0419614064335776,-43.3029,-41.2839871875,1.0299527645111084,1.1334543228149414,0.4368590414524078,1.0430126,1.0425193129726562,-31.597082,-30.35670203125,1.0299961566925049,1.1752275228500366,0.432205319404602,1.0431641,1.042663915685053,-31.707626,-30.439498203125,1.029913306236267,1.1753592491149902,0.4262683987617492
13:15,3.371238708471669e-06,1.0426401,1.0422311485305495,-72.05075,-65.978469375,1.029951572418213,1.0848422050476074,0.3680419921875,1.0418569,1.0414509947900474,-46.666634,-43.850480625,1.0299553871154783,1.1218676567077637,0.438451200723648,1.0424309,1.0419924542428791,-30.240835,-28.638430703125,1.0299891233444214,1.1751357316970823,0.433083564043045,1.042578,1.0421333441593683,-30.422382,-28.789633515625,1.0298619270324707,1.1744400262832642,0.4241824150085449
13:30,4.336059093473788e-05,1.0421836,1.0417816764678791,-43.895226,-40.6757303125,1.029657006263733,1.1043314933776855,0.3075765073299408,1.0414168,1.041020782755352,-40.40558,-38.85612234375,1.029633641242981,1.1327522993087769,0.432032972574234,1.0419208,1.0414972310052435,-27.931017,-26.767996875,1.029778242111206,1.173922061920166,0.4042410850524902,1.0420536,1.0416245109090685,-28.714027,-27.4347021875,1.0292820930480957,1.172960877418518,0.3923512101173401
13:45,6.281375885008877e-05,1.0438151,1.0433756582167275,-68.06024,-64.11315484375,1.0298566818237305,1.092635154724121,0.3657552301883697,1.0430349,1.0426035581501496,-50.6206,-48.606599375,1.029735445976257,1.1237235069274902,0.4361501932144165,1.0436121,1.0431490328726392,-34.061535,-32.9692084375,1.0299458503723145,1.1715457439422607,0.43436399102211,1.0437566,1.043287542537816,-34.364872,-33.157203125,1.0296093225479126,1.1714845895767212,0.422480821609497
14:00,7.3885917663552014e-06,1.0420891,1.0417021804988706,-57.262753,-53.6729978125,1.0297058820724487,1.0965015888214111,0.3687906861305237,1.0413138,1.040934237285298,-43.512123,-41.751751015625,1.029411554336548,1.126134753227234,0.4326589405536651,1.0418226,1.0414158665642967,-30.25576,-29.11932375,1.0296928882598877,1.170193076133728,0.4310826659202575,1.041954,1.0415420368931865,-31.419527,-30.182608359375,1.0288047790527344,1.169425129890442,0.4115181863307953
14:15,9.26733016970438e-06,1.043706,1.0433227221433417,-63.62598,-59.78243203125,1.0294904708862305,1.0989583730697632,0.371071994304657,1.042963,1.0425863636293116,-51.34098,-49.44199,1.029370903968811,1.1231344938278198,0.4338819086551666,1.0434976,1.043093443371257,-35.980423,-34.840165468749994,1.0294870138168335,1.16615092754364,0.4328320026397705,1.0436319,1.043222571479646,-36.761715,-35.437625859375004,1.0284332036972046,1.1666513681411743,0.4095161557197571
14:30,2.6403665542629184e-05,1.0430175,1.042638706897791,-56.557213,-53.6559315625,1.0288153886795044,1.1046390533447266,0.3616131544113159,1.0422641,1.0418936610281122,-50.25861,-49.1822615625,1.028656244277954,1.1213918924331665,0.4233410656452179,1.0427532,1.0423581504994652,-37.238815,-36.357116328125,1.0282399654388428,1.162360668182373,0.4243646562099457,1.0428776,1.042477722078648,-37.57373,-36.34364890625,1.0268194675445557,1.160021185874939,0.379845529794693
14:45,7.951557636259876e-05,1.0413983,1.0410214135790818,-48.223454,-47.250410625,1.025003433227539,1.1151998043060305,0.3269082605838775,1.0406506,1.0402866722617568,-48.612736,-47.393245078125,1.0269943475723269,1.1144864559173584,0.3833723068237304,1.0410922,1.04070625297425,-35.820553,-34.81778046875,1.0262103080749512,1.1554043292999268,0.3813356459140777,1.0412096,1.040819425798427,-32.67316,-31.1918903125,1.0257941484451294,1.1496224403381348,0.315863698720932
15:00,0.0001057028770446,1.0400046,1.0396439897773964,-49.697636,-49.0328971875,1.020074725151062,1.1171478033065796,0.2985380887985229,1.0392914,1.0389436982817817,-45.123394,-43.35258203125,1.025707125663757,1.1112704277038574,0.3437743782997131,1.0397125,1.0393439057718437,-34.098904,-32.943065625,1.024516224861145,1.1477041244506836,0.3357414007186889,1.0398282,1.039455296601916,-27.200336,-25.83451,1.0248266458511353,1.1384201049804688,0.2460264712572097
15:15,3.620982170104981e-06,1.0386698,1.038340930700715,-47.49299,-46.513460234375,1.019261121749878,1.114961862564087,0.2867304980754852,1.0379843,1.0376666963329708,-32.393177,-30.629319765625,1.0252147912979126,1.1144026517868042,0.2695396542549133,1.038357,1.0380208166619285,-27.21513,-25.6410115625,1.0209169387817385,1.1434437036514282,0.2256736904382705,1.0384626,1.0381224670716147,-20.884815,-19.731998828125,1.022982120513916,1.1362284421920776,0.1813287883996963
15:30,6.467103957907838e-08,1.0371221,1.0367641392083533,-38.748737,-37.77125921875,1.020147442817688,1.1142585277557373,0.2627139091491699,1.036484,1.0361343686504432,-22.35959,-21.4407527734375,1.0255974531173706,1.1178085803985596,0.230390191078186,1.036814,1.0364447365101264,-16.56393,-15.933749375,1.015252709388733,1.1444700956344604,0.1193219497799873,1.0369133,1.0365398078585035,-16.560865,-15.994195234375,1.020579814910889,1.1405044794082642,0.1475477963685989
15:45,0.0001049065589904,1.0371568,1.0368063512929635,-38.613113,-37.579972109375,1.0212358236312866,1.1126450300216677,0.2710184752941131,1.0365269,1.0361845769662958,-21.295145,-20.382372109375,1.0258303880691528,1.1171952486038208,0.2209357172250747,1.0368207,1.0364593500309165,-15.882727,-15.431621796875,1.0123051404953003,1.1455107927322388,0.1045656278729438,1.0369167,1.0365513737109675,-17.391294,-16.8263758203125,1.0195353031158447,1.1409714221954346,0.1474794447422027
16:00,5.763769149791376e-06,1.0109754,1.0104632239076672,-0.00016906591,-0.0006125011897087,1.0275734663009644,1.116252899169922,0.3323140442371368,1.0106157,1.010132378728536,-9.3292605e-05,0.0028532157182693,1.0295180082321167,1.0937845706939695,0.3795934021472931,1.0103177,1.0098197974122336,-0.7021053,-0.1406668118286132,1.009865403175354,1.1477965116500854,0.3474474847316742,1.0102837,1.00978243567402,-5.883478e-05,0.0005027545642852,1.0261151790618896,1.1363288164138794,0.3643223941326141
16:15,0.0005760300159454,1.009972,1.0096707434384602,-2.6279126e-09,-0.0024778728961944,1.0278661251068115,1.108133316040039,0.3498284220695495,1.0096344,1.0093388006907429,2.2107802e-09,-0.0010273846530914,1.0297521352767944,1.0657401084899902,0.2884586453437805,1.0092748,1.0089668215466503,-10.898058,-10.529746171875,1.0037788152694702,1.133734107017517,0.3195733428001404,1.0092291,1.0089183096570518,1.7915841e-09,0.000147978400588,1.0277351140975952,1.0977147817611694,0.3473478555679321
16:30,2.236366272001522e-06,1.0124676,1.0120942437373384,2.2097092e-08,-0.0007418811821937,1.0262792110443115,1.121384859085083,0.3450496792793274,1.0120909,1.011725156856924,2.2819956e-08,-0.0003221415120363,1.029598832130432,1.0665172338485718,0.2522279918193817,1.0117798,1.0113980102383875,-14.833479,-14.2564454296875,1.002645492553711,1.1412248611450195,0.2775675356388092,1.0117449,1.0113596213578175,2.2806308e-08,-4.637735471129417e-05,1.025689721107483,1.1030592918395996,0.3185059726238251
16:45,2.837181091175367e-07,1.0085682,1.008238414220833,4.2554507e-08,-0.0001831602787971,1.0255279541015625,1.1205397844314575,0.3347451686859131,1.008203,1.0078800342034346,4.0462524e-08,7.300607860088348e-05,1.0295989513397217,1.0646913051605225,0.2602148652076721,1.0078142,1.007477303535138,-9.647937,-9.155173046875,1.0019105672836304,1.140723466873169,0.2804418206214905,1.0077617,1.0074217157305172,4.271578e-08,-1.0244840625673533e-05,1.0238385200500488,1.0929315090179443,0.3230279684066772
17:00,6.751715120323355e-08,1.0062298,1.0059127602803657,-1.1950888e-08,4.9617216885089874e-05,1.0233633518218994,1.1237146854400637,0.3231829404830932,1.0058599,1.0055492269477655,-1.12420695e-08,-2.0514786653220656e-05,1.029520869255066,1.0611255168914795,0.2199406027793884,1.005423,1.0050991519496697,-6.3870068,-5.8451833984375,1.001407265663147,1.1341922283172607,0.2610396146774292,1.005361,1.005034077256958,-1.2636644e-08,-0.0037687596130371,1.0214428901672363,1.0836142301559448,0.3122338950634002
17:15,9.29150622730468e-06,1.0034542,1.0031423576131369,3.8649297e-08,1.5476188734173772e-05,1.0204272270202637,1.1238969564437866,0.3114192187786102,1.0030742,1.0027684542038255,3.6296367e-08,-0.0370857900238037,1.0292882919311523,1.058601975440979,0.175714761018753,1.0025932,1.0022744988423522,-2.1137505,-1.63976556640625,1.0011374950408936,1.128042697906494,0.2243685275316238,1.0025221,1.0022004260600743,4.1289066e-08,0.0016556536340713,1.0186012983322144,1.076290726661682,0.2983748316764831
17:30,3.739763083210335e-06,1.0003616,1.0000577099697372,-7.529979e-09,0.0048509902763366,1.0172001123428345,1.1224666833877563,0.2992851138114929,0.99997663,0.999677357641112,-6.6683756e-09,0.0023077990293502,1.0289361476898191,1.0565149784088137,0.1331535875797271,0.9994346,0.999123315362111,-1.9886315e-06,0.0008948792958259,1.0009779930114746,1.1166105270385742,0.1695553511381149,0.9993506,0.999036739941786,-7.6881435e-09,0.0003456940233707,1.0159156322479248,1.0671647787094116,0.2830827832221985
